{
  "L1": {
    "precision": 0.8604651162790697,
    "recall": 0.9077834179357022,
    "f1": 0.8834911486208317,
    "auprc": 0.9486529953236992
  },
  "L2": {
    "precision": 0.7553735926305015,
    "recall": 0.7608247422680412,
    "f1": 0.7580893682588598,
    "auprc": 0.8419006982752523
  },
  "L3": {
    "precision": 0.9213483146067416,
    "recall": 0.6212121212121212,
    "f1": 0.7420814479638009,
    "auprc": 0.8357608104372034
  },
  "Global": {
    "precision": 0.8457290078387709,
    "recall": 0.7632734271386216,
    "f1": 0.7945539882811641
  }
}