{
  "L1": {
    "precision": 0.8557844690966719,
    "recall": 0.9137055837563451,
    "f1": 0.88379705400982,
    "auprc": 0.9507799568628628
  },
  "L2": {
    "precision": 0.7454909819639278,
    "recall": 0.7670103092783506,
    "f1": 0.7560975609756098,
    "auprc": 0.8362579698270912
  },
  "L3": {
    "precision": 0.8848167539267016,
    "recall": 0.6401515151515151,
    "f1": 0.7428571428571429,
    "auprc": 0.8422351126599855
  },
  "Global": {
    "precision": 0.8286974016624337,
    "recall": 0.7736224693954036,
    "f1": 0.7942505859475242
  }
}