{
  "train_loss": [
    0.4295408376950329,
    0.2266806111371113,
    0.16603300326456458,
    0.14356827685388468,
    0.12996738959672088,
    0.11962803279570604,
    0.11128681455502065,
    0.1052673379432852,
    0.09731992068305864,
    0.09122589522877993,
    0.08548306347960133,
    0.08162652918974221,
    0.07363952322215853,
    0.07077061943394147,
    0.06539740151709925
  ],
  "val_loss": [
    0.2715114377237655,
    0.1744323275681283,
    0.1437588263605092,
    0.12530656536487308,
    0.12075303993313699,
    0.10988935234176146,
    0.10942805324353881,
    0.10352318175137043,
    0.09799861026978171,
    0.09797019310094215,
    0.09415901603328215,
    0.09502281707938055,
    0.09219390783156897,
    0.0909366238031637,
    0.0897732750839881
  ],
  "val_f1_l1": [
    0.48201892744479496,
    0.7588785046728972,
    0.8052536231884058,
    0.8432240921169176,
    0.8453788874288217,
    0.8563922942206655,
    0.8578970523537176,
    0.8683642641346568,
    0.8774361195322651,
    0.8765112262521589,
    0.8715083798882681,
    0.8777348777348777,
    0.8888888888888888,
    0.8785529715762274,
    0.886615515771526
  ],
  "val_f1_l2": [
    0.17350746268656717,
    0.29716193656093487,
    0.358814352574103,
    0.481962481962482,
    0.5162659123055162,
    0.5620287868403016,
    0.5898123324396782,
    0.61133069828722,
    0.6463878326996197,
    0.647887323943662,
    0.6617192331478046,
    0.6711906230721777,
    0.6666666666666666,
    0.686456400742115,
    0.7050970873786407
  ],
  "val_f1_l3": [
    0.0,
    0.14715719063545152,
    0.12099644128113879,
    0.13986013986013987,
    0.1780821917808219,
    0.2988505747126437,
    0.32448377581120946,
    0.3626062322946176,
    0.40555555555555556,
    0.425414364640884,
    0.493573264781491,
    0.48293963254593175,
    0.5329949238578681,
    0.5241730279898219,
    0.5692695214105793
  ]
}