{
  "train_loss": [
    0.30202315045615374,
    0.14900703648641958,
    0.12151067288497747,
    0.10172125692084684,
    0.08792961044394869,
    0.07325269393307172,
    0.064149507772872
  ],
  "val_loss": [
    0.1527245736404045,
    0.12366941364834437,
    0.1086530654212913,
    0.10261788553986195,
    0.09025263718354541,
    0.09009115459598802,
    0.09107266157563473
  ],
  "val_f1_l1": [
    0.7974157821873558,
    0.8295761947700632,
    0.8515111695137977,
    0.868766404199475,
    0.8919148936170213,
    0.8787749893662271,
    0.8812553011026294
  ],
  "val_f1_l2": [
    0.3476190476190476,
    0.4811046511627907,
    0.5752508361204013,
    0.5981794538361509,
    0.6739659367396593,
    0.6806470940683044,
    0.7076196101594802
  ],
  "val_f1_l3": [
    0.045112781954887216,
    0.25766871165644173,
    0.3177570093457944,
    0.4708860759493671,
    0.5279642058165548,
    0.5721040189125296,
    0.6063348416289592
  ]
}